{"cameraMode":{"drawMode":0,"name":"Shaded","section":"Shading Mode"},"sceneLighting":false,"audioPlay":false,"sceneViewState":{"m_AlwaysRefresh":false,"showFog":true,"showSkybox":false,"showFlares":true,"showImageEffects":true,"showParticleSystems":true,"showVisualEffectGraphs":true,"m_FxEnabled":true},"in2DMode":false,"pivot":{"x":-0.309999942779541,"y":0.04500001668930054,"z":0.09999990463256836},"rotation":{"x":0.06742127984762192,"y":-0.4350892901420593,"z":0.03269301354885101,"w":0.8972641229629517},"size":3.7666995525360109,"orthographic":false}