{"cameraMode":{"drawMode":0,"name":"Shaded","section":"Shading Mode"},"sceneLighting":true,"audioPlay":false,"sceneViewState":{"m_AlwaysRefresh":false,"showFog":true,"showSkybox":true,"showFlares":true,"showImageEffects":true,"showParticleSystems":true,"showVisualEffectGraphs":true,"m_FxEnabled":true},"in2DMode":false,"pivot":{"x":-0.309999942779541,"y":0.03817170858383179,"z":-70.43650817871094},"rotation":{"x":0.09776764363050461,"y":-0.6733184456825256,"z":0.09034715592861176,"w":0.7274309992790222},"size":3.7627623081207277,"orthographic":false}