{"cameraMode":{"drawMode":0,"name":"Shaded","section":"Shading Mode"},"sceneLighting":false,"audioPlay":false,"sceneViewState":{"m_AlwaysRefresh":false,"showFog":true,"showSkybox":false,"showFlares":true,"showImageEffects":true,"showParticleSystems":true,"showVisualEffectGraphs":true,"m_FxEnabled":true},"in2DMode":false,"pivot":{"x":-0.309999942779541,"y":0.04500001668930054,"z":0.09999990463256836},"rotation":{"x":0.12655030190944673,"y":-0.4103964567184448,"z":0.05765271559357643,"w":0.9013615250587463},"size":3.7666995525360109,"orthographic":false}